nl;fr
de voornaam;le prénom
de familienaam;le nom de famille
de leeftijd;l'âge
het geslacht;le genre|le sexe
het meisje;la fille
de jongen;le garçon
de geboortedatum;la date de naissance
de geboorteplaats;le lieu de naissance
de kalender;le calendrier
de verjaardag;l'anniversaire
het telefoonnummer;le numéro de téléphone
thuis;à la maison
de taal;la langue
Nederland;les Pays-Bas
Nederlands;le néerlandais|néerlandais
Frankrijk;la France
Frans;le français|français
Duitsland;l'Allemagne
Duits;l'allemand|allemand
het Verenigd Koninkrijk;le Royaume-Uni
Engels;l'anglais|anglais
Spanje;l'Espagne
Spaans;l'espagnol|espagnol
China;la Chine
Chinees;le chinois|chinois
de school;l'école
de speelplaats;la cour de récréation|la cour de récré
het bord;le tableau
het bureau;le bureau
de deur;la porte
de leerling;l'élève
de leerkracht;l'enseignant|l'enseignante
het raam;la fenêtre
de stoel;la chaise
de vuilnisbak;la poubelle
de lijm|de plakstift;la colle|le bâton de colle
de nietjesmachine;l'agrafeuse
de perforator;la perforatrice
de rekenmachine;la calculatrice
het boek;le livre
de boekentas;le cartable
de brooddoos;la boîte à tartines
de map;la farde
de pennenzak;le plumier
het schrift;le cahier
de gom;la gomme
de lat;la latte|la règle
de pen|de vulpen;le stylo|le stylo plume
het potlood;le crayon
het kleurpotlood;le crayon de couleur
de schaar;les ciseaux|la paire de ciseaux
de slijper|de potloodslijper;le taille-crayon|le taille-crayons
godsdienst;la religion|religion
sport;le sport|sport
wiskunde;les maths|les mathématiques|maths|math
